google_title,google_path,icloud_uuid,icloud_filepath,s1_name_match,s2_date_diff_seconds,s3_size_match,s4_dim_match,s5_is_original,s6_hash_db_match,s7_sha256_match,s8_phash_distance,google_geo_lat,google_geo_lon,icloud_lat,icloud_lon,gps_gap,composite_confidence
IMG_0352.HEIC,,BB743E8A-B25F-417F-8773-063CD3DC11DC,_/IMG_0352_edited (6).heic.xmp,True,177826803.8540001,,,Unknown,False,False,,29.2185,-81.0025,-180.0,-180.0,True,0.1
IMG_0126.HEIC,,69857ABD-9523-462A-AA64-16539AB12E5F,_/IMG_0126 (2).HEIC.xmp,True,115703380.85583949,,,Unknown,False,False,,28.371499999999997,-81.5187,-180.0,-180.0,True,0.1
IMG_0456.HEIC,,813CFBCB-CCED-4ECB-962E-436B9E9B21F3,_/IMG_0456_edited (5).heic.xmp,True,121806718.8979361,,,Unknown,False,False,,29.2184417,-81.0025778,-180.0,-180.0,True,0.1
IMG_2366.HEIC,,7C24EBC0-7DA2-4239-8252-3B6BD857E589,_/IMG_2366.HEIC.xmp,True,60912347.76085329,,,Unknown,False,False,,28.4082917,-81.4626528,-180.0,-180.0,True,0.1
IMG_1247.MOV,,7532DD2F-7112-4D14-8F35-32DCF134681C,_/IMG_1247 (5).MOV.xmp,True,219061760.0,,,Unknown,False,False,,27.949399999999997,-82.4615,-180.0,-180.0,True,0.1
IMG_0255.HEIC,,19D7EC77-BC70-4ECC-ADC2-CBF840BD03FC,_/IMG_0255_edited (6).heic.xmp,True,121828472.8852644,,,Unknown,False,False,,29.2355,-81.0108,-180.0,-180.0,True,0.1
IMG_3389.JPG,,E7A25E9A-DC8E-480F-A9D8-1F199FB87ACD,_/IMG_3389_edited (2).jpeg.xmp,True,176861846.0,,,Unknown,False,False,,28.210400000000003,-82.35849999999999,-180.0,-180.0,True,0.1
IMG_1510.JPG,,70EE2700-E123-4AAF-85EB-1EBE0A4CD0AA,_/IMG_1510.JPG.xmp,True,122854400.47821379,,,Unknown,False,False,,27.949500000000004,-82.46119999999999,-180.0,-180.0,True,0.1
IMG_8754.HEIC,,1BDE5869-BAD8-43F8-8395-C203C1A12665,_/IMG_8754_edited (3).heic.xmp,True,166668038.45099998,,,Unknown,False,False,,0.0,0.0,-180.0,-180.0,False,0.1
IMG_8076.MOV,,03F324FD-B086-41FC-AF02-ED00E122180D,_/IMG_8076 (2).MOV.xmp,True,182274093.0,,,Unknown,False,False,,28.173299999999998,-82.35470000000001,-180.0,-180.0,True,0.1
IMG_2335.HEIC,,272216B4-F21C-49E2-A955-7DA7E20A47C4,_/IMG_2335_edited (7).heic.xmp,True,180564094.08200002,,,Unknown,False,False,,28.410899999999998,-81.46029999999999,-180.0,-180.0,True,0.1
IMG_2424.HEIC,,43804265-EE94-4B3F-A409-0BE6433C5B20,_/IMG_2424_edited (5).heic.xmp,True,171791889.27900004,,,Unknown,False,False,,28.411199999999997,-81.46300000000001,-180.0,-180.0,True,0.1
IMG_0488.HEIC,,706678D6-073D-4064-8594-59C29B2FE5A6,_/IMG_0488.HEIC.xmp,True,40163524.1823957,,,Unknown,False,False,,28.1438,-82.7905,-180.0,-180.0,True,0.1
IMG_0542.MOV,,9438CC61-3A27-44C0-9921-A6DC76FE46D1,_/IMG_0542 (5).MOV.xmp,True,157930769.0,,,Unknown,False,False,,28.1904,-82.35660000000001,41.4671,-71.3016,False,0.1
IMG_0482.HEIC,,A028E523-BEA4-4643-92C4-0EBE3FF5D19A,_/IMG_0482_edited (6).heic.xmp,True,143702612.786,,,Unknown,False,False,,28.144499999999997,-82.7907,-180.0,-180.0,True,0.1
IMG_1414.MOV,,08D8484B-00AB-44FE-9348-832E5BCD51A8,_/IMG_1414 (2).MOV.xmp,True,70203610.0,,,Unknown,False,False,,28.217599999999997,-82.35459999999999,25.8944,-81.3368,False,0.1
IMG_2309.HEIC,,ACF3677C-65AD-4BA0-983D-2C73C2EE7133,_/IMG_2309 (1).HEIC.xmp,True,79916352.74702382,,,Unknown,False,False,,28.4107,-81.4605,-180.0,-180.0,True,0.1
IMG_0318.JPG,,4FB29250-2515-449D-8D37-D4255FCDC7CC,_/IMG_0318.JPG.xmp,True,78816572.6398437,,,Unknown,False,False,,28.4853,-81.4319,-180.0,-180.0,True,0.1
IMG_2328.HEIC,,53AD7690-4DE9-4F64-9ABC-36439CEC809A,_/IMG_2328_edited (3).heic.xmp,True,117748963.441262,,,Unknown,False,False,,28.410899999999998,-81.4602,-180.0,-180.0,True,0.1
IMG_0255.HEIC,,281B5DAF-4CBA-46E0-9770-2F475CA2808F,_/IMG_0255 (1).HEIC.xmp,True,62420374.00300002,,,Unknown,False,False,,29.2355,-81.0108,-180.0,-180.0,True,0.1
IMG_2403.HEIC,,CB26D0B9-CFA5-4606-938C-DE5F2DCD72B4,_/IMG_2403_edited (7).heic.xmp,True,221530283.237,,,Unknown,False,False,,28.409,-81.4619,-180.0,-180.0,True,0.1
IMG_2320.HEIC,,94AEA05A-F015-476A-A026-E27F44C73F71,_/IMG_2320_edited (6).heic.xmp,True,206994028.24699998,,,Unknown,False,False,,28.410899999999998,-81.4602,-180.0,-180.0,True,0.1
IMG_2359.HEIC,,39485280-217A-4ED9-9EF6-B86E46CA5E93,_/IMG_2359 (1).HEIC.xmp,True,79906986.0840888,,,Unknown,False,False,,28.4083528,-81.4626778,-180.0,-180.0,True,0.1
IMG_1410.MOV,,CCEA3CB9-8937-4E6C-99CF-DD8338F9C628,_/IMG_1410 (1).MOV.xmp,True,68421625.0,,,Unknown,False,False,,28.217499999999998,-82.35470000000001,-180.0,-180.0,True,0.1
IMG_1248.MOV,,7E3751C8-D606-4AAF-ACE6-62445C26F88E,_/IMG_1248 (1).MOV.xmp,True,158391098.0,,,Unknown,False,False,,27.9469,-82.4584,28.1893,-82.362,False,0.1
IMG_2411.HEIC,,A7C72DD7-AFC7-45A3-9357-DBDDF4AA03DE,_/IMG_2411 (1).HEIC.xmp,True,110667191.34329271,,,Unknown,False,False,,28.409799999999997,-81.4626,-180.0,-180.0,True,0.1
IMG_2703.JPG,,F650F8F7-E7C7-4240-94C6-28A87F80BB15,_/IMG_2703_edited (4).jpeg.xmp,True,209036588.74300003,,,Unknown,False,False,,28.1893,-82.3621,-180.0,-180.0,True,0.1
IMG_2358.HEIC,,E743F943-C286-4D3F-BAF0-420BDEE7B4D6,_/IMG_2358_edited (9).heic.xmp,True,206989298.19500017,,,Unknown,False,False,,28.408383299999997,-81.4626694,-180.0,-180.0,True,0.1
IMG_0221.MOV,,6012F633-F324-4484-8BA4-EFBDC90A69CE,_/IMG_0221 (2).MOV.xmp,True,155001987.0,,,Unknown,False,False,,28.1904,-82.357,-180.0,-180.0,True,0.1
IMG_2330.HEIC,,8B364598-366E-41BC-B541-6C61E08D621E,_/IMG_2330 (1).HEIC.xmp,True,79913196.26463413,,,Unknown,False,False,,28.4109333,-81.4602361,-180.0,-180.0,True,0.1
Chicago 495.jpg,,,,,,,,,,,,0.0,0.0,,,False,0.0
IMG_8019.JPG,,,,,,,,,,,,28.1893,-82.3621,,,True,0.0
IMG_0124.JPG,,,,,,,,,,,,28.1988222,-82.3630222,,,True,0.0
2016-05-08 09.13.10.mov,,,,,,,,,,,,0.0,0.0,,,False,0.0
V70603-174004.mp4,,,,,,,,,,,,0.0,0.0,,,False,0.0
IMG_0305.JPG,,,,,,,,,,,,28.4852,-81.432,,,True,0.0
IMG_2601.JPG,,,,,,,,,,,,27.950999999999997,-82.5455,,,True,0.0
IMG_8015.JPG,,,,,,,,,,,,28.1893,-82.3621,,,True,0.0
IMG_1322.JPG,,,,,,,,,,,,28.198852799999997,-82.36321389999999,,,True,0.0
IMG_1399.JPG,,,,,,,,,,,,28.1894,-82.37169999999999,,,True,0.0
IMG_1380.JPG,,,,,,,,,,,,28.198999999999998,-82.363,,,True,0.0
IMG_1167.JPG,,,,,,,,,,,,28.0491,-82.6954,,,True,0.0
IMG_1607.JPG,,,,,,,,,,,,28.0628,-82.8316,,,True,0.0
IMG_0804.JPG,,,,,,,,,,,,28.253999999999998,-82.7576,,,True,0.0
P70603-143143.jpg,,,,,,,,,,,,0.0,0.0,,,False,0.0
IMG_3251.JPG,,,,,,,,,,,,28.2111,-82.35889999999999,,,True,0.0
03053A65-0ACE-4F07-AA4F-A886FE30DC65.jpg,,,,,,,,,,,,0.0,0.0,,,False,0.0
Chicago 586.jpg,,,,,,,,,,,,0.0,0.0,,,False,0.0
IMG_1243.JPG,,,,,,,,,,,,27.949299999999997,-82.4614,,,True,0.0
Chicago 543.jpg,,,,,,,,,,,,0.0,0.0,,,False,0.0
IMG_1587.JPG,,,,,,,,,,,,28.195,-82.36229999999999,,,True,0.0
IMG_1335.JPG,,,,,,,,,,,,28.198999999999998,-82.36310000000002,,,True,0.0
P60508-134617.jpg,,,,,,,,,,,,0.0,0.0,,,False,0.0
V60508-132046.mp4,,,,,,,,,,,,0.0,0.0,,,False,0.0
P2.jpg,,,,,,,,,,,,0.0,0.0,,,False,0.0
Chicago 564.jpg,,,,,,,,,,,,0.0,0.0,,,False,0.0
IMG_1178.JPG,,,,,,,,,,,,28.049599999999998,-82.45980000000002,,,True,0.0
P60508-210846.jpg,,,,,,,,,,,,0.0,0.0,,,False,0.0
IMG_0789.JPG,,,,,,,,,,,,28.089299999999998,-82.7029,,,True,0.0
IMG_5295.JPG,,,,,,,,,,,,27.9443083,-82.52355279999999,,,True,0.0
